cum_ep,lam_y_inf,lam_z_inf,ramp,src_result,src_ep
12,0.49,0.49,0.2,result_5,12
24,0.49,0.49,0.2,result_5,24
36,0.49,0.49,0.2,result_5,36
48,0.49,0.49,0.2,result_5,48
60,0.49,0.49,0.2,result_5,60
72,0.49,0.5,0.2,result_5,72
84,0.49,0.5,0.2,result_5,84
96,0.49,0.5,0.2,result_5,96
108,0.49,0.5,0.2,result_5,108
120,0.49,0.5,0.2,result_5,120
132,0.49,0.5,0.2,result_5,132
144,0.49,0.5,0.2,result_5,144
156,0.5,0.5,0.2,result_5,156
168,0.5,0.5,0.2,result_5,168
180,0.5,0.5,0.2,result_5,180
192,0.5,0.5,0.2,result_5,192
204,0.5,0.5,0.2,result_5,204
216,0.5,0.5,0.2,result_5,216
228,0.5,0.5,0.2,result_5,228
240,0.5,0.5,0.2,result_5,240
252,0.5,0.5,0.2,result_5,252
264,0.5,0.5,0.2,result_5,264
276,0.5,0.49,0.2,result_5,276
288,0.5,0.49,0.2,result_5,288
300,0.5,0.49,0.2,result_5,300
312,0.5,0.49,0.2,result_5,312
324,0.51,0.49,0.2,result_5,324
336,0.5,0.48,0.2,result_5,336
348,0.51,0.49,0.2,result_5,348
360,0.51,0.48,0.2,result_5,360
372,0.51,0.49,0.2,result_5,372
384,0.51,0.49,0.2,result_5,384
396,0.51,0.48,0.2,result_5,396
408,0.51,0.48,0.2,result_5,408
420,0.51,0.48,0.2,result_5,420
432,0.51,0.49,0.2,result_5,432
444,0.51,0.48,0.2,result_5,444
456,0.51,0.48,0.2,result_5,456
468,0.51,0.49,0.2,result_5,468
480,0.51,0.49,0.2,result_5,480
492,0.51,0.48,0.2,result_5,492
504,0.51,0.48,0.2,result_5,504
516,0.51,0.49,0.2,result_5,516
528,0.51,0.49,0.2,result_5,528
540,0.51,0.48,0.2,result_5,540
552,0.51,0.48,0.2,result_5,552
564,0.5,0.48,0.2,result_5,564
576,0.51,0.48,0.2,result_5,576
588,0.51,0.48,0.2,result_5,588
600,0.51,0.48,0.2,result_5,600
612,0.51,0.48,0.2,result_5,612
624,0.51,0.49,0.2,result_5,624
636,0.51,0.49,0.2,result_5,636
648,0.51,0.49,0.2,result_5,648
660,0.51,0.49,0.2,result_5,660
672,0.51,0.49,0.2,result_5,672
684,0.51,0.49,0.2,result_5,684
696,0.51,0.49,0.2,result_5,696
708,0.51,0.49,0.2,result_5,708
720,0.51,0.48,0.2,result_5,720
732,0.51,0.49,0.2,result_5,732
744,0.52,0.49,0.2,result_5,744
756,0.52,0.49,0.2,result_5,756
768,0.52,0.49,0.2,result_5,768
780,0.52,0.49,0.2,result_5,780
792,0.52,0.48,0.2,result_5,792
804,0.52,0.48,0.2,result_5,804
816,0.52,0.48,0.2,result_5,816
828,0.52,0.49,0.2,result_5,828
840,0.52,0.49,0.2,result_5,840
852,0.52,0.49,0.2,result_5,852
864,0.52,0.49,0.2,result_5,864
876,0.52,0.49,0.2,result_5,876
888,0.52,0.49,0.2,result_5,888
900,0.52,0.49,0.2,result_5,900
912,0.52,0.49,0.3,result_8,12
924,0.52,0.49,0.3,result_8,24
936,0.52,0.49,0.3,result_8,36
948,0.52,0.49,0.3,result_8,48
960,0.52,0.49,0.3,result_8,60
972,0.52,0.49,0.3,result_8,72
984,0.52,0.49,0.3,result_8,84
996,0.52,0.49,0.3,result_8,96
1008,0.52,0.49,0.3,result_8,108
1020,0.52,0.49,0.3,result_8,120
1032,0.52,0.49,0.3,result_8,132
1044,0.52,0.49,0.3,result_8,144
1056,0.52,0.49,0.3,result_8,156
1068,0.52,0.49,0.3,result_8,168
1080,0.52,0.49,0.3,result_8,180
1092,0.52,0.5,0.3,result_8,192
1104,0.52,0.5,0.3,result_8,204
1116,0.52,0.5,0.3,result_8,216
1128,0.52,0.49,0.3,result_8,228
1140,0.52,0.49,0.3,result_8,240
1152,0.52,0.5,0.3,result_8,252
1164,0.52,0.5,0.3,result_8,264
1176,0.52,0.49,0.3,result_8,276
1188,0.52,0.5,0.3,result_8,288
1200,0.52,0.5,0.3,result_8,300
1212,0.52,0.5,0.4,result_12,12
1224,0.52,0.49,0.4,result_12,24
1236,0.52,0.49,0.4,result_12,36
1248,0.51,0.5,0.4,result_12,48
1260,0.52,0.5,0.4,result_12,60
1272,0.51,0.5,0.4,result_12,72
1284,0.51,0.5,0.4,result_12,84
1296,0.51,0.5,0.4,result_12,96
1308,0.51,0.5,0.4,result_12,108
1320,0.51,0.5,0.4,result_12,120
1332,0.51,0.5,0.4,result_12,132
1344,0.51,0.5,0.4,result_12,144
1356,0.51,0.5,0.4,result_12,156
1368,0.51,0.5,0.4,result_12,168
1380,0.51,0.5,0.4,result_12,180
1392,0.51,0.5,0.4,result_12,192
1404,0.51,0.49,0.4,result_12,204
1416,0.51,0.49,0.4,result_12,216
1428,0.51,0.49,0.4,result_12,228
1440,0.51,0.49,0.4,result_12,240
1452,0.51,0.49,0.4,result_12,252
1464,0.51,0.49,0.4,result_12,264
1476,0.52,0.49,0.4,result_12,276
1488,0.52,0.49,0.4,result_12,288
1500,0.52,0.49,0.4,result_12,300
1512,0.52,0.49,0.4,result_12,312
1524,0.52,0.49,0.4,result_12,324
1536,0.52,0.49,0.4,result_12,336
1548,0.52,0.49,0.4,result_12,348
1560,0.52,0.49,0.4,result_12,360
1572,0.52,0.49,0.4,result_12,372
1584,0.52,0.49,0.4,result_12,384
1596,0.52,0.49,0.4,result_12,396
1608,0.52,0.48,0.4,result_12,408
1620,0.52,0.49,0.4,result_12,420
1632,0.52,0.49,0.4,result_12,432
1644,0.52,0.48,0.4,result_12,444
1656,0.52,0.49,0.4,result_12,456
1668,0.52,0.49,0.4,result_12,468
1680,0.52,0.49,0.4,result_12,480
1692,0.52,0.49,0.4,result_12,492
1704,0.52,0.48,0.5,result_18,12
1716,0.52,0.48,0.5,result_18,24
1728,0.52,0.47,0.5,result_18,36
1740,0.52,0.47,0.5,result_18,48
1752,0.52,0.47,0.5,result_18,60
1764,0.52,0.47,0.5,result_18,72
1776,0.51,0.47,0.5,result_18,84
1788,0.51,0.46,0.5,result_18,96
1800,0.51,0.47,0.5,result_18,108
1812,0.51,0.46,0.5,result_18,120
1824,0.51,0.46,0.5,result_18,132
1836,0.51,0.46,0.5,result_18,144
1848,0.51,0.46,0.5,result_18,156
1860,0.51,0.46,0.5,result_18,168
1872,0.51,0.46,0.5,result_18,180
1884,0.51,0.46,0.5,result_18,192
1896,0.51,0.46,0.5,result_18,204
1908,0.51,0.46,0.5,result_18,216
1920,0.51,0.46,0.5,result_18,228
1932,0.51,0.46,0.5,result_18,240
1944,0.51,0.46,0.5,result_18,252
1956,0.51,0.46,0.5,result_18,264
1968,0.5,0.46,0.5,result_18,276
1980,0.5,0.46,0.5,result_18,288
1992,0.5,0.47,0.5,result_18,300
2004,0.5,0.47,0.5,result_18,312
2016,0.5,0.47,0.5,result_18,324
2028,0.51,0.46,0.5,result_18,336
2040,0.5,0.46,0.5,result_18,348
2052,0.5,0.46,0.5,result_18,360
2064,0.51,0.46,0.5,result_18,372
2076,0.51,0.46,0.5,result_18,384
2088,0.5,0.46,0.5,result_18,396
2100,0.5,0.47,0.5,result_18,408
2112,0.51,0.47,0.5,result_18,420
2124,0.51,0.47,0.5,result_18,432
2136,0.5,0.47,0.5,result_18,444
2148,0.5,0.47,0.5,result_18,456
2160,0.51,0.47,0.5,result_18,468
2172,0.51,0.47,0.5,result_18,480
2184,0.51,0.47,0.5,result_18,492
2196,0.51,0.47,0.5,result_18,504
2208,0.51,0.47,0.5,result_18,516
2220,0.51,0.47,0.5,result_18,528
2232,0.51,0.47,0.5,result_18,540
2244,0.51,0.47,0.5,result_18,552
2256,0.51,0.47,0.5,result_18,564
2268,0.51,0.47,0.5,result_18,576
2280,0.51,0.47,0.5,result_18,588
2292,0.51,0.47,0.5,result_18,600
2304,0.51,0.47,0.5,result_18,612
2316,0.51,0.47,0.5,result_18,624
2328,0.51,0.47,0.5,result_18,636
2340,0.51,0.47,0.5,result_18,648
2352,0.51,0.47,0.5,result_18,660
